canonical_id,title,abstract,year,doi,pmid,lanes,sampling_stratum,prior_title_abstract_decision,prior_title_abstract_exclusion_reason,prior_final_study_label,prior_causal_evidence_level,expert_report_type,expert_bio_health_scope,expert_multiomics_status,expert_identification_status,expert_design_families,expert_canonical_positive,expert_expected_decision,expert_exclusion_code,expert_uncertainty_reason,expert_notes
pubmed:32232974,Metabolomic effects of androgen deprivation therapy treatment for prostate cancer.,"Androgen deprivation therapy (ADT) is the main treatment strategy for men with metastatic prostate cancer (PC). However, ADT is associated with various metabolic disturbances, including impaired glucose tolerance, insulin resistance and weight gain, increasing risk of diabetes and cardiovascular death. Much remains unknown about the metabolic pathways and disturbances altered by ADT and the mechanisms. We assessed the metabolomic effects of ADT in the serum of 20 men receiving ADT. Sera collected before (baseline), 3 and 6 months after initiation of ADT was used for the metabolomics and lipidomics analyses. The ADT-associated metabolic changes were identified by univariable and multivariable statistical analysis, ANOVA, and Pearson correlation. We found multiple key changes. First, ADT treatments reduced the steroid synthesis as reflected by the lower androgen sulfate and other steroid hormones. Greater androgen reduction was correlated with higher serum glucose levels, supporting the diabetogenic role of ADT. Second, ADT consistently decreased the 3-hydroxybutyric acid and ketogenesis. Third, many acyl-carnitines were reduced, indicating the effects on the fatty acid metabolism. Fourth, ADT was associated with a corresponding reduction in 3-formyl indole (a.k.a. indole-3-carboxaldehyde), a microbiota-derived metabolite from the dietary tryptophan. Indole-3-carboxaldehyde is an agonist for the aryl hydrocarbon receptor and regulates the mucosal reactivity and inflammation. Together, these ADT-associated metabolomic analyses identified reduction in steroid synthesis and ketogenesis as prominent features, suggesting therapeutic potential of restricted ketogenic diets, though this requires formal testing. ADT may also impact the microbial production of indoles related to the immune pathways. Future research is needed to determine the functional impact and underlying mechanisms to prevent ADT-linked comorbidities and diabetes risk.",2020,10.1002/cam4.3016,32232974,pubmed_rct_title_anchored_pairwise_omics_candidates,high_signal_development,seek_full_text,,causal_hypothesis,2,,,,,,,,,,
europepmc:PPR:PPR1100785,Multi-omics Integration of Microbiota Transplant Therapy in Children with Autism Spectrum Disorders,"<h4>Background</h4> Microbiota transplant therapy (MTT) is a promising avenue for the substantial improvement of gastrointestinal and behavioral symptoms in children with autism spectrum disorder (ASD). Previous work has demonstrated that microbiome and metabolite profiles of children with ASD become more similar to those of their typically developing (TD) peers following MTT. <h4>Methods</h4> To enhance a systems-level understanding of MTT in ASD children that extends beyond previously reported findings, we present a multi-omics analysis of an ASD cohort spanning 10 weeks and 2 years of follow-up after completion of MTT. We applied cutting-edge multi-omics approaches, including metagenomics, fecal and plasma metabolomics, and advanced statistical methods, including multimodal machine learning, differential network analysis, and causal mediation analysis, to extensively characterize molecular and biochemical responses before and after MTT, to identify key taxonomic, functional, and metabolite signatures associated with MTT treatment and ASD symptoms. <h4>Results</h4> Using a combination of cross-sectional and longitudinal statistical analyses and integrative machine learning techniques, we identified key meta-omic features associated with MTT. Integrated multi-omics analysis revealed that children with ASD transition to distinct biological states following MTT, clearly separated from their pre-treatment states and from TD children, as demonstrated by robust group separation and strong classification performance. Several biological signals associated with the modulation of the gut microbiome after MTT were identified, including an increase of butyrate producers such as Faecalibacterium prausnitzii and Butyricimonas faecalis ; decreased fecal sulfated primary bile acid, chenodeoxycholic acid sulfate; decreased secondary bile acid, glycolithocholate sulfate; and increased sarcosine and iminodiacetate in plasma after 10 weeks of MTT compared to baseline. Differential network analysis revealed hub species, including Prevotella copri , Ruminococcus callidus , and GGB9633 SGB15091 , as differentially connected 2 years after completion of MTT compared to baseline. Mediation analysis uncovered several key players as mediators of symptoms, including Alistipes ihumii , Ruminococceae , amino acid biosynthesis, bile acids, long-chain fatty acids, and cysteine-glutathione disulfide, among others. <h4>Conclusions</h4> This study provides one of the first comprehensive analyses of multi-omic features underlying host–microbiome interactions associated with MTT in children with ASD. It offers further evidence that fusing data across diverse molecular modalities at pre- and post- treatment time points can illuminate the potential of MTT in neurodevelopmental disorders. These findings could advance microbiome-based immunomodulatory therapies and multi-omics strategies to restore gut microbiota in children with ASD, while aiding in the discovery of novel biomarkers predictive of treatment response.",2025,10.1101/2025.10.10.681677,,europepmc_direct_formal_mediation; europepmc_direct_design,high_signal_development,seek_full_text,,causal_hypothesis,2,,,,,,,,,,
pubmed:32115853,A metabolomics-based molecular pathway analysis of how the sodium-glucose co-transporter-2 inhibitor dapagliflozin may slow kidney function decline in patients with diabetes.,"To investigate which metabolic pathways are targeted by the sodium-glucose co-transporter-2 inhibitor dapagliflozin to explore the molecular processes involved in its renal protective effects. An unbiased mass spectrometry plasma metabolomics assay was performed on baseline and follow-up (week 12) samples from the EFFECT II trial in patients with type 2 diabetes with non-alcoholic fatty liver disease receiving dapagliflozin 10 mg/day (n = 19) or placebo (n = 6). Transcriptomic signatures from tubular compartments were identified from kidney biopsies collected from patients with diabetic kidney disease (DKD) (n = 17) and healthy controls (n = 30) from the European Renal cDNA Biobank. Serum metabolites that significantly changed after 12 weeks of dapagliflozin were mapped to a metabolite-protein interaction network. These proteins were then linked with intra-renal transcripts that were associated with DKD or estimated glomerular filtration rate (eGFR). The impacted metabolites and their protein-coding transcripts were analysed for enriched pathways. Of all measured (n = 812) metabolites, 108 changed (P < 0.05) during dapagliflozin treatment and 74 could be linked to 367 unique proteins/genes. Intra-renal mRNA expression analysis of the genes encoding the metabolite-associated proteins using kidney biopsies resulted in 105 genes that were significantly associated with eGFR in patients with DKD, and 135 genes that were differentially expressed between patients with DKD and controls. The combination of metabolites and transcripts identified four enriched pathways that were affected by dapagliflozin and associated with eGFR: glycine degradation (mitochondrial function), TCA cycle II (energy metabolism), L-carnitine biosynthesis (energy metabolism) and superpathway of citrulline metabolism (nitric oxide synthase and endothelial function). The observed molecular pathways targeted by dapagliflozin and associated with DKD suggest that modifying molecular processes related to energy metabolism, mitochondrial function and endothelial function may contribute to its renal protective effect.",2020,10.1111/dom.14018,32115853,pubmed_rct_title_anchored_pairwise_omics_candidates,high_signal_development,seek_full_text,,causal_hypothesis,2,,,,,,,,,,
europepmc:PPR:PPR790865,Gut Microbiome and Childhood Asthma: a Mendelian Randomization Study,"<title>Abstract</title> <p>A few gut microbiomes have been reported in observational studies to be associated with childhood asthma. Antibiotic resistome of gut microbiomes may also influence childhood asthma risk. However, the underlying causal effect remains undefined. We attempted to explore the causal association of these conditions through Mendelian randomization (MR) analysis. First, we review literatures to identify core gut microbiomes potentially associated with childhood asthma. The instrumental variables (IVs) for gut microbiome and gut microbiomes antibiotic resistome were obtained from MiBioGen consortium and a multiomics study respectively. And the genetic instruments for childhood asthma in East Asian populations and European were selected from genome-wide association studies (GWAS). We implemented Two-sample MR analysis to elucidate the effect of gut microbiome and gut microbiome antibiotic resistome on childhood asthma risk. The inverse variance weighted (IVW) was employed as the primary analysis, followed by heterogeneity and pleiotropy analysis. In the European population, within the core gut microbiomes, <italic>genus Dialister</italic> was significantly positively associated with childhood asthma risk by IVW (<italic>OR =</italic> 1.251, 95% <italic>CI </italic>:1.016–1.539, <italic>P = </italic>0.035). Moreover, there was a positive correlation between <italic>genus Eubacterium nodatum group</italic> (<italic>OR =</italic> 1.12, 95% <italic>CI</italic>:1.002–1.251, <italic>P =</italic> 0.047), <italic>genus Bilophila</italic> (<italic>OR =</italic> 1.29, 95% <italic>CI</italic>:1.046–1.581, <italic>P =</italic> 0.017) and childhood asthma risk. Conversely, <italic>genus Holdemanella</italic> (<italic>OR =</italic> 0.82, 95% <italic>CI</italic>:0.706–0.951, <italic>P =</italic> 0.009), <italic>genus Oxalobacter</italic> (<italic>OR =</italic> 0.84, 95% CI:0.747–0.955, <italic>P =</italic>0.007) and <italic>genus Slackia</italic> (<italic>OR =</italic> 0.81, 95% CI:0.655–0.996, <italic>P =</italic> 0.046) exhibited a significant negative correlation with childhood asthma risk. In the East Asian population, our analysis revealed correlations between decreased childhood asthma risk and the <italic>order Actinomycetales</italic> (<italic>OR =</italic> 0.390, 95% <italic>CI </italic>:0.173–0.882, <italic>P =</italic> 0.024), <italic>family Actinomycetaceae</italic> (<italic>OR =</italic> 0.391, 95% <italic>CI </italic>:0.173–0.883, <italic>P =</italic> 0.224), <italic>genus Actinomyces</italic> (<italic>OR =</italic> 0.528, 95% <italic>CI </italic>:0.289–0.965, <italic>P =</italic> 0.038), and <italic>genus Fusicatenibacter</italic> (<italic>OR =</italic> 0.465, 95% <italic>CI </italic>:0.230–0.938, <italic>P =</italic> 0.019). Conversely, <italic>genus Coprobacter</italic> showed a significant positive correlation with childhood asthma risk (<italic>OR =</italic> 1.826, 95% <italic>CI </italic>:1.106–3.016, <italic>P =</italic> 0.032). Finally, there was a negative correlation between Evenness, an index representing the α-diversity of the gut antibiotic resistome, and childhood asthma risk (<italic>OR =</italic> 0.825, 95% CI:0.684–0.994, <italic>P =</italic> 0.043). <bold>Conclusions</bold>: This study is the first to employ MR analysis to validate the association between gut microbiomes identified in literature and childhood asthma risk. We try to explore additional bacterial taxes that may be associated with childhood asthma risk. Furthermore, the present study innovatively explores the effect of the gut microbiome antibiotic resistome on the risk of pediatric asthma using MR analysis. These findings provide opportunities for early intervention on childhood asthma and offer new insights into the underlying mechanisms of childhood asthma. However, further studies are required to validate and generalize the results in future research.</p>",2024,10.21203/rs.3.rs-3856245/v1,,europepmc_direct_instrumental_variable; europepmc_direct_design,high_signal_development,seek_full_text,,causal_hypothesis,2,,,,,,,,,,
europepmc:PPR:PPR880036,An integrated multi-omics analysis identifies novel regulators of circadian rhythm and sleep disruptions induced by changed photoperiod in Antarctica,"<title>Abstract</title> <p>Light is a dominant zeitgeber for biological clocks, and its regulatory mechanism for sleep-wake activity has been extensively studied. However, the molecular pathways through which the Antarctic unique photoperiod, i.e. polar days in summer and polar nights in winter, affects human sleep and circadian rhythm remain largely unidentified, despite previous studies have observed delayed circadian rhythm and sleep disruptions of expeditioners during polar nights. In this study, we conducted comprehensive dynamic research of the expeditioners during their residence in Antarctica for over one year. By integrating the phenotypic changes with multi-omics data, we tried to identify the novel candidate regulators and their correlation networks involved in circadian and sleep disorders under the extreme photoperiod. We found that during the austral winter, expeditioners exhibited delayed bedtime and get up time, reduced sleep efficiency, and increased sleep fragmentation. Meanwhile, serum dopamine metabolite levels significantly increased, while serotonin metabolites and antioxidants decreased. These changes were accompanied by altered expression of genes and proteins associated with neural functions, cellular activities, transcriptional regulation, and so on. Through the correlation and causal mediation analysis, we identified several potential pathways modulating human sleep-wake activity, involving genes and proteins related to neural function, glucose metabolism, and extracellular matrix homeostasis, as well as some lncRNAs. Based on the identified causal mediators, LASSO regression analysis further revealed a novel candidate gene, Shisa Family Member 8 (<italic>SHISA8</italic>), as a potential key regulatory hub in this process. These findings shed light on the probable molecular mechanisms of sleep disorders in Antarctica and suggested <italic>SHISA8</italic> as a novel candidate target for the medical intervention of sleep disorders under changed light-dark cycle.</p>",2024,10.21203/rs.3.rs-4597746/v1,,europepmc_direct_formal_mediation; europepmc_direct_design,high_signal_development,seek_full_text,,causal_hypothesis,2,,,,,,,,,,
pubmed:31486672,bAIcis : A Novel Bayesian Network Structural Learning Algorithm and Its Comprehensive Performance Evaluation Against Open-Source Software.,"Structural learning of Bayesian networks (BNs) from observational data has gained increasing applied use and attention from various scientific and industrial areas. The mathematical theory of BNs and their optimization is well developed. Although there are several open-source BN learners in the public domain, none of them are able to handle both small and large feature space data and recover network structures with acceptable accuracy. bAIcis ® is a novel BN learning and simulation software from BERG. It was developed with the goal of learning BNs from ""Big Data"" in health care, often exceeding hundreds of thousands features when research is conducted in genomics or multi-omics. This article provides a comprehensive performance evaluation of bAIcis and its comparison with the open-source BN learners. The study investigated synthetic datasets of discrete, continuous, and mixed data in small and large feature space, respectively. The results demonstrated that bAIcis outperformed the publicly available algorithms in structure recovery precision in almost all of the evaluated settings, achieving the true positive rates of 0.9 and precision of 0.8. In addition, bAIcis supports all data types, including continuous, discrete, and mixed variables. It is effectively parallelized on a distributed system and can work with datasets of thousands of features that are infeasible for any of the publicly available tools with a desired level of recovery accuracy.",2019,10.1089/cmb.2019.0210,31486672,pubmed_graphical_methods,high_signal_development,exclude,not_empirical_study,pending,pending,,,,,,,,,,
pubmed:42394776,Genetic and biological determinants of pulmonary embolism: Insights from Mendelian randomization studies.,"Pulmonary embolism (PE) is a common and potentially fatal thromboembolic disease contributing to a major global public health burden. Its pathogenesis involves multiple hemodynamic, inflammatory, metabolic, and genetic factors. The multifactorial nature of PE makes it difficult to infer the direct effects of risk factors using conventional statistical approaches because of potential confounding and reverse causality. Mendelian randomization (MR) uses genetic variants as instrumental variables to strengthen causal inference. This narrative review synthesizes the available MR literature concerning potential causative factors of PE, with particular emphasis on genetic and biological pathways. MR evidence suggests that matrix metalloproteinases (MMP)-19 may be associated with increased PE susceptibility, whereas MMP-12 may be associated with decreased susceptibility. Impaired kidney function showed a positive association with PE risk, and reduced HLA-DR + NK cell traits were linked to PE pathogenesis. Among gut microbiota, Clostridium innocuum was associated with increased PE risk, whereas Butyricicoccus and Actinobacteria showed protective associations. No consistent causal associations were identified for type 2 diabetes, atrial fibrillation, or epigenetic age acceleration. Larger multiethnic studies integrating multi-omics data are needed to clarify mechanisms underlying PE pathogenesis.",2026,10.5493/wjem.v16.i2.121046,42394776,pubmed_genetic_instruments; pubmed_multiomics_genetic_instrument_candidates,high_signal_development,exclude,review_comment_editorial_or_correction,pending,pending,,,,,,,,,,
pubmed:37823001,The contribution to policies of an exposome-based approach to childhood obesity.,"Childhood obesity is an increasingly severe public health problem, with a prospective impact on health. We propose an exposome approach to identify actionable risk factors for this condition. Our assumption is that relationships between external exposures and outcomes such as rapid growth, overweight, or obesity in children can be better understood through a ""meet-in-the-middle"" model. This is based on a combination of external and internal exposome-based approaches, that is, the study of multiple exposures (in our case, dietary patterns) and molecular pathways (metabolomics and epigenetics). This may strengthen causal reasoning by identifying intermediate markers that are associated with both exposures and outcomes. Our biomarker-based studies in the STOP consortium suggest (in several ways, including mediation analysis) that branched-chain amino acids (BCAAs) could be mediators of the effect of dietary risk factors on childhood overweight/obesity. This is consistent with intervention and animal studies showing that higher intake of BCAAs has a positive impact on body composition, glycemia, and satiety. Concerning food, of particular concern is the trend of increasing intake of ultra-processed food (UPF), including among children. Several mechanisms have been proposed to explain the impact of UPF on obesity and overweight, including nutrient intake (particularly proteins), changes in appetite, or the role of additives. Research from the Avon Longitudinal Study of Parents and Children cohort has shown a relationship between UPF intake and trajectories in childhood adiposity, while UPF was related to lower blood levels of BCAAs. We suggest that an exposome-based approach can help strengthening causal reasoning and support policies. Intake of UPF in children should be restricted to prevent obesity.",2023,10.1093/exposome/osad006,37823001,pubmed_multiomics_formal_mediation_candidates,high_signal_development,exclude,not_empirical_study,pending,pending,,,,,,,,,,
pubmed:39047340,"A randomized cross-over trial of prebiotics and probiotics in multiple sclerosis: Trial feasibility, supplement tolerability and symptom abatement.","Dietary supplements can modulate the gut microbial ecosystem and affect the immune system. This has potential implications for autoimmune diseases, including multiple sclerosis (MS). Prior studies explored tolerability, symptomatic improvement, and immunologic effects of probiotics in people with MS (pwMS), but no study has examined prebiotics in this population or compared prebiotics with probiotics. This is a randomized, open-label trial of participants with relapsing-remitting MS on B-cell depletion therapy from two MS centers. 22 participants enrolled in the original cross-over study in which probiotic (Visbiome, containing Lactobacillus, Bifidobacterium and Streptococcus species) or prebiotic (Prebiotin, containing oligofructose enriched inulin) supplementation for 6 weeks was randomized, each followed by a washout period. Due to pandemic-related interruptions and expiration of the study supply of probiotics, another 15 participants enrolled in a single-arm study to receive prebiotic supplementation for 6 weeks followed by a washout period. We assessed supplement tolerability and patient-reported outcomes (PRO) relevant to MS (disability, fatigue, mood, and bowel symptoms) before and after each supplement administration period and each washout period. We bio-archived plasma, serum, peripheral blood mononuclear cells and stool samples at each timepoint for future multi-omic assessment. Prebiotics and probiotics had comparable adherence rates and both supplements were well tolerated in pwMS. Participants on either supplement reported minor adverse events, most of which were mild and self-limited. There was a subjective preference for prebiotics over probiotics. Comparing supplement-associated changes in PRO scores from baseline to 6 weeks post-supplementation, there were significant difference between prebiotics and probiotics for the change in patient-reported global symptom burden (MSRS-R Total) and bowel control (BWCS), but only probiotics statistically improved bowel control from baseline to post-supplementation. Supplementation with either prebiotics or probiotics is reasonably well-tolerated and safe. Probiotics improved bowel control, but did not improve other PROs in a 6-week time frame. These data regarding feasibility, tolerability, adherence, and adverse events of supplements will inform future clinical trial designs to definitively compare the efficacy and safety of prebiotics and probiotics. The biological data that will be generated from this study in the future will provide mechanistic insights into the effects of these dietary supplements on MS pathophysiology.",2024,10.1016/j.msard.2024.105762,39047340,pubmed_randomized_multiomics_trials,high_signal_development,exclude,not_multiomics_in_measured_or_integrated_data,pending,pending,,,,,,,,,,
pubmed:42353793,From Genome to Pharmacome: Current Status and Future Perspectives of Multi-Omics Integration in Traditional Chinese Medicine Research.,"High-throughput sequencing and multi-omics are transforming Traditional Chinese Medicine (TCM) research from empirical descriptions toward data-driven mechanistic analyses. Unlike earlier systems pharmacology frameworks that relied primarily on static network topology and docking-based target prediction, current multi-omics approaches integrate genomic, transcriptomic, proteomic, and metabolomic data to capture dynamic, multi-scale biological responses. This review summarizes recent progress in four related areas: (i) genomic and epigenomic dissection of geo-authentic (Daodi) medicinal materials; (ii) biosynthetic pathway elucidation for major bioactive compound classes; (iii) synthetic biology platforms for heterologous production; and (iv) systems pharmacology integration for mechanism-of-action studies. We identify a central, recurrent gap: most published multi-omics analyses remain at the level of statistical association, and the biosynthetic and pharmacological pathways inferred from such data have not been validated at the causal level. To address this, we propose a tiered experimental validation framework-from biochemical target engagement through genetic perturbation to in vivo functional confirmation-and an iterative computational-experimental feedback loop. We further outline practical priorities for future work, including standardized data formats, community-endorsed metadata checklists, and coordinated DBTL pilot projects. By connecting descriptive multi-omics patterns to experimentally testable mechanistic models, TCM research can move toward precision-oriented medicine while preserving the multi-component character of traditional formulations.",2026,10.3390/genes17060634,42353793,pubmed_multiomics_title_specific_perturbation_candidates,high_signal_development,exclude,review_comment_editorial_or_correction,pending,pending,,,,,,,,,,
europepmc:MED:34207686,Epigenome-Wide Study Identified Methylation Sites Associated with the Risk of Obesity.,"Here, we performed a genome-wide search for methylation sites that contribute to the risk of obesity. We integrated methylation quantitative trait locus (mQTL) data with BMI GWAS information through a SNP-based multiomics approach to identify genomic regions where mQTLs for a methylation site co-localize with obesity risk SNPs. We then tested whether the identified site contributed to BMI through Mendelian randomization. We identified multiple methylation sites causally contributing to the risk of obesity. We validated these findings through a replication stage. By integrating expression quantitative trait locus (eQTL) data, we noted that lower methylation at cg21178254 site upstream of <i>CCNL1</i> contributes to obesity by increasing the expression of this gene. Higher methylation at cg02814054 increases the risk of obesity by lowering the expression of <i>MAST3</i>, whereas lower methylation at cg06028605 contributes to obesity by decreasing the expression of <i>SLC5A11</i>. Finally, we noted that rare variants within 2p23.3 impact obesity by making the cg01884057 site more susceptible to methylation, which consequently lowers the expression of <i>POMC</i>, <i>ADCY3</i> and <i>DNAJC27</i>. In this study, we identify methylation sites associated with the risk of obesity and reveal the mechanism whereby a number of these sites exert their effects. This study provides a framework to perform an omics-wide association study for a phenotype and to understand the mechanism whereby a rare variant causes a disease.",2021,10.3390/nu13061984,34207686,europepmc_qtl_anchored_broad_mendelian_randomization; europepmc_qtl_anchored_language,high_signal_development,seek_full_text,,causal_evidence,4,,,,,,,,,,
semantic_scholar:91dd19969c20e2bb731700d71a16f6020878c9c6,Multi-omics Mendelian randomization revealing SEMA7A as potential drug target for facial skin aging,"The study of facial skin aging has attracted significant attention not only for its esthetic implications but also for its potential to shed light on the mechanisms underlying the development of age-related diseases. The purpose of this research was to systematically investigate potential drug targets for facial skin aging through multi-omics genetic methods. We utilized expression quantitative trait loci (eQTLs) and protein quantitative trait loci (pQTLs) as instruments to explore the therapeutic potential for facial skin aging. This was supplemented with transcriptome analysis and in vitro experiments, including siRNA knockdown in human HaCaT and NIH 3T3 cells, which confirmed the genetic results. Additionally, we conducted two-sample Mendelian randomization (MR) to investigate the causal effect of facial aging on skin neoplasms and performed metabolome-wide MR to screen for metabolic biomarkers associated with facial aging. Through integrated analysis of eQTLs and colocalization, five potential druggable genes were identified, including BRSK2, IL20RB, NEK10, RAB35, and SEMA7A. Of these, SEMA7A showed strong evidence with facial skin aging through subsequent pQTL and colocalization analysis. Additionally, genetically determined facial skin aging exhibited a significant causal effect on basal cell carcinoma (BCC) (OR = 3.973, 95% CI: 1.284, 12.290, p = 0.016 [inverse-variance weighted, IVW]), while no causal effect was found on malignant melanoma and squamous cell carcinoma. Subsequent transcriptome and in vitro experiment suggested that SEMA7A played an important role in the pathogenesis of skin aging. The metabolome-wide MR identified several circulating metabolic traits as biomarkers for facial skin aging, implicating lipoprotein subfractions (HDL, LDL, and VLDL) and fatty acid profiles. This study demonstrates the genetic significance of targeting SEMA7A for facial skin aging, providing new insights into the disease mechanism and aiding the development of future drug therapies.",2026,10.1186/s40537-025-01355-8,,semantic_scholar_qtl_mr,high_signal_development,seek_full_text,,causal_evidence,4,,,,,,,,,,
europepmc:MED:42346358,Genetically Informed Single-Cell Analysis Reveals &lt;i&gt;PLXND1&lt;/i&gt; as a Cell-Type-Specific Molecular Switch in MASLD.,"<b>Background/Objectives:</b> Metabolic dysfunction-associated steatotic liver disease (MASLD) is a systemic disorder driven by genetic predisposition, epigenetic programming, metabolic rewiring, and immune dysregulation. Although population genetics and single-cell transcriptomics have advanced our understanding, the multi-omic causal architecture of MASLD at cellular resolution remains poorly defined. This study aimed to establish an integrative framework linking genetic causality to cell-type-specific tissue dysfunction. <b>Methods:</b> Multi-layered Mendelian randomization (MR) and summary-data-based MR (SMR) across large-scale eQTL and pQTL datasets were applied to prioritize causal genes. Single-cell eQTL-based MR across 14 immune lineages generated cell-type-specific causal hypotheses, which were validated using human hepatic single-cell RNA-sequencing data (GSE136103). Two-step mediation MR quantified upstream epigenetic and downstream metabolic mechanisms. A high-fat diet (HFD)-induced murine model provided organismal validation. <b>Results:</b> Multi-layered MR nominated <i>PLXND1</i> as a robust causal driver of MASLD. Single-cell eQTL-based MR revealed a functional dichotomy: <i>PLXND1</i> upregulation in CD8<sup>+</sup> effector memory T-cells decreased MASLD risk (OR = 0.486, 95% CI: 0.290-0.813, <i>p</i> = 0.006), whereas upregulation in natural killer cells (OR = 1.567, 95% CI: 1.337-1.837, <i>p</i> < 0.001), non-classical monocytes, and dendritic cells increased risk. Human hepatic single-cell transcriptomics confirmed that <i>PLXND1</i> marks an anti-fibrotic, IFNG-high CD8<sup>+</sup> T subset and a pro-inflammatory lipid-associated macrophage (LAM) population. Mediation MR identified DNA methylation at cg26767922 and cg08471739 as protective mediators acting predominantly via <i>PLXND1</i> downregulation (92.39% and 64.50% mediation, respectively), and linked <i>PLXND1</i> to six circulating metabolites. HFD mice showed significant hepatic <i>PLXND1</i> upregulation. <b>Conclusions:</b><i>PLXND1</i> functions as a lineage-dependent molecular switch in MASLD, validated across genetic, epigenetic, metabolic, and single-cell dimensions. These findings caution against systemic <i>PLXND1</i> blockade and support precision therapeutic strategies targeting hepatic innate immune cells.",2026,10.3390/metabo16060378,42346358,europepmc_qtl_anchored_broad_mendelian_randomization; europepmc_qtl_anchored_language,high_signal_development,seek_full_text,,causal_evidence,4,,,,,,,,,,
europepmc:MED:39996839,"Exploring the Efficacy and Target Genes of <i>Atractylodes Macrocephala Koidz</i> Against Alzheimer's Disease Based on Multi-Omics, Computational Chemistry, and Experimental Verification.","<h4>Objective</h4>To unveil the efficacy and ferroptosis-related mechanisms of <i>Atractylodes Macrocephala Koidz</i> (AMK) against Alzheimer's disease (AD), which is the most widespread neurodegenerative disease.<h4>Methods</h4>Gene set variation analysis (GSVA) scores were used to investigate the relationship between ferroptosis and AD. Logistic regression with seven feature selections and a deep learning model were utilized to identify potential targets of AMK based on transcriptomic data from multiple tissues. A transcriptome-wide association study (TWAS), summary-data-based mendelian randomization (SMR), and mendelian randomization (MR) were utilized to validate the causal relationship between target genes and AD risk. A single-gene gene set enrichment analysis (GSEA) was employed to investigate the biological pathways associated with the target genes. Three molecular docking strategies and a molecular dynamics simulation were employed to verify the binding domains interacting with AMK. Furthermore, the anti-AD effects of AMK were validated in a zebrafish AD model by testing behavior responses, apoptosis, and the deposition of beta-amyloid (Aβ) in the brain. Ultimately, real-time qPCR was used to verify the ferroptosis-related targets, which was identified via multi-omics.<h4>Results</h4>Ferroptosis is an important pathogenic mechanism of AD, as suggested by the GSVA scores. AMK may exert its anti-AD activity through targets genes identified in the brain (<i>ATP5MC3, GOT1, SAT1, EGFR</i>, and <i>MAPK9</i>) and blood (<i>G6PD, PGD, ALOX5, HMOX1,</i> and <i>ULK1</i>). <i>EGFR</i> and <i>HMOX1</i> were further confirmed as target genes mediating the anti-AD activity of AMK through TWAS, SMR, and MR analyses. The GSEA results indicated that <i>EGFR</i> may be involved in oxidative phosphorylation-related pathways, while <i>HMOX1</i> may be associated with lysosome and phagosome pathways. The results of three molecular docking strategies and molecular dynamics simulations implied that the kinase domain of EGFR and the catalytic domain of HMOX1 played pivotal roles in the interaction between AMK and the targets. In a zebrafish model, AD-like symptoms including motor slowness and delayed responses, neuronal apoptosis, and plaque deposition in the brain, were significantly improved after AMK treatment. Accordingly, AMK reversed the abnormal expression of <i>egfra</i> and <i>hmox1a</i>, two core targets genes involved in ferroptosis.<h4>Conclusions</h4>AMK significantly alleviated AD-like symptoms through the modulation of EGFR and HMOX1, which might reduce lipid peroxidation, thereby suppressing ferroptosis. This study provided evidence supporting the efficacy and therapeutic targets associated with ferroptosis in AMK-treated AD, which aid in the development of therapeutic interventions.",2025,10.3390/cimb47020118,39996839,europepmc_molecular_gwas_mr_expansion; europepmc_molecular_gwas_twas_mr,high_signal_development,seek_full_text,,causal_evidence,4,,,,,,,,,,
pubmed:31406230,Fecal microbiome and metabolome of infants fed bovine MFGM supplemented formula or standard formula with breast-fed infants as reference: a randomized controlled trial.,"Human milk delivers an array of bioactive components that safeguard infant growth and development and maintain healthy gut microbiota. Milk fat globule membrane (MFGM) is a biologically functional fraction of milk increasingly linked to beneficial outcomes in infants through protection from pathogens, modulation of the immune system and improved neurodevelopment. In the present study, we characterized the fecal microbiome and metabolome of infants fed a bovine MFGM supplemented experimental formula (EF) and compared to infants fed standard formula (SF) and a breast-fed reference group. The impact of MFGM on the fecal microbiome was moderate; however, the fecal metabolome of EF-fed infants showed a significant reduction of several metabolites including lactate, succinate, amino acids and their derivatives from that of infants fed SF. Introduction of weaning food with either human milk or infant formula reduces the distinct characteristics of breast-fed- or formula-fed- like infant fecal microbiome and metabolome profiles. Our findings support the hypothesis that higher levels of protein in infant formula and the lack of human milk oligosaccharides promote a shift toward amino acid fermentation in the gut. MFGM may play a role in shaping gut microbial activity and function.",2019,10.1038/s41598-019-47953-4,31406230,pubmed_rct_title_anchored_pairwise_omics_candidates,high_signal_development,seek_full_text,,causal_evidence,3,,,,,,,,,,
pubmed:36891986,The next step in Mendelian randomization.,Expanding a statistical approach called Mendelian randomization to include multiple variables may help researchers to identify new molecular causes of specific traits.,2023,10.7554/elife.86416,36891986,pubmed_genetic_instruments,high_signal_development,pending,,pending,pending,,,,,,,,,,
pubmed:41884153,"Comment on ""Multi-Omics Association Analysis of Mitochondrial Genes in Hypertrophic Scars: Application of Mendelian Randomization"" [Letter].",,2026,10.2147/jir.s594248,41884153,pubmed_genetic_instruments,high_signal_development,pending,,pending,pending,,,,,,,,,,
pubmed:40774142,Multi-omic dissection of clinically diagnosed and self-reported major depressive disorder reveals phenotype-specific genetic and proteomic architecture in East Asian populations.,,2025,10.1016/j.ajp.2025.104651,40774142,pubmed_multiomics_title_genetic_qtl_candidates,high_signal_development,pending,,pending,pending,,,,,,,,,,
pubmed:36204776,A randomized clinical study on the effects of emollient use on the developing infant skin microbiome and metabolome.,,2022,10.1111/exd.14684,36204776,pubmed_rct_title_anchored_pairwise_omics_candidates,high_signal_development,pending,,pending,pending,,,,,,,,,,
pubmed:42162351,Correction: Genetic Evidence Supports a Potential Role of WTAP-related m6A Regulation in Vascular Dementia: Insights from Mendelian Randomization and Multi-omics Analyses.,,2026,10.1007/s12031-026-02543-8,42162351,pubmed_genetic_instruments,high_signal_development,pending,,pending,pending,,,,,,,,,,
pubmed:40479911,Genetic insights into cytokine-thrombosis cross-talk: an integrated multi-omics network analysis.,"The mechanisms shared and unique to thrombotic diseases (TDs) remain unclear. This study explores the causal relationships between inflammatory cytokines and TDs via multi-omics integration to identify targeted therapeutic alternatives. We conducted two-sample Mendelian randomization (MR) using three genetic instruments to evaluate the causal effects of 47 cytokines on 13 TD traits. Findings were validated through colocalization, replication, and transcriptomic analyses. Two-step MR assessed mediation effects of 1400 metabolites and 731 immune cells. Druggability and infection-related pleiotropy of TD-associated cytokines were systematically evaluated. Primary MR identified 86 cytokine-TD correlated pairs, with 21 pairs providing acceptable evidence support, meriting their designation as hub pairs for further analysis. Colocalization evidence emerged for two pairs, whereas replication consistency was robust. Five of the 15 cytokine gene-TD pairs revealed differential expression, aligning with the MR effects. Mediation analyses showed five metabolites and immune cell subtypes modulating cytokine-TD pathways. Four cytokines exhibited therapeutic promise for thrombosis, whereas six showed dual effects on TDs and infections. Our integrated analysis reveals shared and autonomous mechanisms governing inflammatory-thrombotic interactions and identifies a cytokine-mediated therapeutic target that may avoid bleeding complications linked to standard antithrombotic therapy.",2025,10.1016/j.thromres.2025.109376,40479911,pubmed_multiomics_two_sample_or_bidirectional_mr_candidates,high_signal_development,pending,,pending,pending,,,,,,,,,,
pubmed:41773807,"Identification of Novel Biomarkers for Crohn's Disease Through the Integration of Machine Learning, Colocalization, and SMR Analysis.","Crohn's disease (CD) is a chronic inflammatory bowel disease with a prevalence rate increasing with time, thus demanding improved diagnostic and therapeutic strategies. The present work focused on identifying the candidate biomarkers for CD diagnosis and treatment. Gene Expression Omnibus (GEO)-derived CD-related gene expression datasets were analyzed. Differential protein-protein interaction network and weighted gene co-expression network analyses were conducted to prioritize the core candidate genes. Multiple machine learning algorithms were used to further refine these candidates. The feature importance of the model with the highest performance was explained using SHapley Additive exPlanations. Additionally, a single-sample gene set enrichment analysis was carried out to evaluate immune cell infiltration and determine the associations with diagnostic markers. In addition, the causal biomarker genes were identified using Bayesian colocalization and the summary data-based Mendelian randomization (SMR) analysis. The combination of glmBoost and random forest machine learning analysis identified five hub genes (CXCL5, SERPINB2, SOCS3, PF4, and IL1R1), which demonstrated robust diagnostic performance for CD. These biomarkers were correlated with the immune cell infiltration patterns indicative of heightened inflammation and Th1/Th17 adaptive immune responses. Colocalization and SMR analyses established a causal association of IL1R1 with CD development. This integrative multiomics approach identified the key biomarkers involved in the pathogenic mechanism of CD. The eQTL data based SMR analysis suggested a significant association of IL1R1 with CD risk, highlighting its dual effects as a diagnostic biomarker and therapeutic target.",2026,10.1096/fj.202504792r,41773807,pubmed_genetic_instruments,high_signal_development,pending,,pending,pending,,,,,,,,,,
pubmed:33024120,Gut microbiome-related effects of berberine and probiotics on type 2 diabetes (the PREMOTE study).,"Human gut microbiome is a promising target for managing type 2 diabetes (T2D). Measures altering gut microbiota like oral intake of probiotics or berberine (BBR), a bacteriostatic agent, merit metabolic homoeostasis. We hence conducted a randomized, double-blind, placebo-controlled trial with newly diagnosed T2D patients from 20 centres in China. Four-hundred-nine eligible participants were enroled, randomly assigned (1:1:1:1) and completed a 12-week treatment of either BBR-alone, probiotics+BBR, probiotics-alone, or placebo, after a one-week run-in of gentamycin pretreatment. The changes in glycated haemoglobin, as the primary outcome, in the probiotics+BBR (least-squares mean [95% CI], -1.04[-1.19, -0.89]%) and BBR-alone group (-0.99[-1.16, -0.83]%) were significantly greater than that in the placebo and probiotics-alone groups (-0.59[-0.75, -0.44]%, -0.53[-0.68, -0.37]%, P < 0.001). BBR treatment induced more gastrointestinal side effects. Further metagenomics and metabolomic studies found that the hypoglycaemic effect of BBR is mediated by the inhibition of DCA biotransformation by Ruminococcus bromii. Therefore, our study reports a human microbial related mechanism underlying the antidiabetic effect of BBR on T2D. (Clinicaltrial.gov Identifier: NCT02861261).",2020,10.1038/s41467-020-18414-8,33024120,pubmed_rct_title_anchored_pairwise_omics_candidates,high_signal_development,pending,,pending,pending,,,,,,,,,,
pubmed:37441828,"Multispecies probiotic affects fecal short-chain fatty acids in postmenopausal women with obesity: A post hoc analysis of a randomized, double-blind, placebo-controlled study.","Probiotics are known to regulate host metabolism. The aim of this study was to assess whether interventions with a multi-strain probiotic formula affect fecal short-chain fatty acids (SCFAs). The analysis was carried out in 56 obese, postmenopausal women randomized to three groups: probiotic dose 2.5 × 10 9 CFU/d (n = 18; lower probiotic dose [LPD]), 1 × 10 10 CFU/d (n = 18; higher probiotic dose [HPD]), or placebo (n = 20). An increase in three SCFA fecal concentrations in the HPD group was observed: acetic acid (C2; effect [E] = 1.72, SE = 0.73; 95% confidence interval [CI], 0.28-3.16; P = 0.019), butyric acid (C4; E = 0.98, SE = 0.46; 95% CI, 0.08-1.88; P = 0.033), and valeric acid (C5; E = 0.68, SE = 0.23; 95% CI, 0.23-1.12; P = 0.003). The mediation analysis showed that the decrease in uric acid under HPD may be transmitted through the elevation of C5 content. Multi-strain probiotic increases the SCFA content in the stool in a dose-dependent manner, which may diminish some cardiovascular risk factors because of a reduction in blood uric acid levels. Assessing long-term health benefits requires further research, including assessment of blood SCFA concentrations and multiomic and mechanistic approaches.",2023,10.1016/j.nut.2023.112109,37441828,pubmed_randomized_multiomics_trials,high_signal_development,pending,,pending,pending,,,,,,,,,,
pubmed:38996988,Genetic insights into drug targets for sporadic Creutzfeldt-Jakob disease: Integrative multi-omics analysis.,"Sporadic Creutzfeldt-Jakob disease (sCJD) is a fatal rapidly progressive neurodegenerative disorder with no effective therapeutic interventions. We aimed to identify potential genetically-supported drug targets for sCJD by integrating multi-omics data. Multi-omics-wide association studies, Mendelian randomization, and colocalization analyses were employed to explore potential therapeutic targets using expression, single-cell expression, DNA methylation, and protein quantitative trait locus data from blood and brain tissues. Outcome data was from a case-control genome-wide association study, which included 4110 sCJD patients and 13,569 controls. Further investigations encompassed druggability, potential side effects, and associated biological pathways of the identified targets. Integrative multi-omics analysis identified 23 potential therapeutic targets for sCJD, with five targets (STX6, XYLT2, PDIA4, FUCA2, KIAA1614) having higher levels of evidence. One target (XYLT2) shows promise for repurposing, two targets (XYLT2, PDIA4) are druggable, and three (STX6, KIAA1614, and FUCA2) targets represent potential future breakthrough points. The expression level of STX6 and XYLT2 in neurons and oligodendrocytes was closely associated with an increased risk of sCJD. Brain regions with high expression of STX6 or causal links to sCJD were often those areas commonly affected by sCJD. Our study identified five potential therapeutic targets for sCJD. Further investigations are warranted to elucidate the mechanisms underlying the new targets for developing disease therapies or initiate clinical trials.",2024,10.1016/j.nbd.2024.106599,38996988,pubmed_multiomics_title_genetic_qtl_candidates,high_signal_development,pending,,pending,pending,,,,,,,,,,
